{
  "duration_statistics": {
    "regime_0": {
      "count": 9,
      "mean_duration": 60.888888888888886,
      "median_duration": 30.0,
      "std_duration": 66.28632244445213,
      "min_duration": "12",
      "max_duration": "191",
      "total_periods": "548",
      "durations": [
        "27",
        "41",
        "14",
        "176",
        "30",
        "19",
        "12",
        "38",
        "191"
      ]
    },
    "regime_1": {
      "count": 9,
      "mean_duration": 43.0,
      "median_duration": 44.0,
      "std_duration": 33.93457758033177,
      "min_duration": "6",
      "max_duration": "99",
      "total_periods": "387",
      "durations": [
        "81",
        "58",
        "6",
        "9",
        "8",
        "44",
        "71",
        "99",
        "11"
      ]
    }
  },
  "persistence_tests": {
    "regime_0": {
      "error": "'dict' object has no attribute 'kstest'",
      "is_memoryless": null
    },
    "regime_1": {
      "error": "'dict' object has no attribute 'kstest'",
      "is_memoryless": null
    }
  },
  "transition_statistics": {
    "transition_counts": [
      [
        539.0,
        8.0
      ],
      [
        9.0,
        378.0
      ]
    ],
    "transition_probabilities": [
      [
        0.9853747714808044,
        0.014625228519195612
      ],
      [
        0.023255813953488372,
        0.9767441860465116
      ]
    ],
    "total_transitions": 17.0,
    "total_periods": 934,
    "transition_rate": 0.018201284796573874,
    "average_duration": 54.94117647058824,
    "diagonal_probability": 0.981059478763658
  },
  "regime_characteristics": {
    "regime_1": {
      "frequency": "387",
      "percentage": 41.3903743315508,
      "mean_duration": 21.5
    },
    "regime_0": {
      "frequency": "548",
      "percentage": 58.6096256684492,
      "mean_duration": 30.444444444444443
    }
  },
  "summary": {
    "total_observations": 935,
    "number_of_regimes": 2,
    "total_transitions": 17.0,
    "average_regime_duration": 54.94117647058824,
    "regime_persistence": 0.981059478763658
  }
}